10000,,,,,,,SKIPPED,WAIT_RESULT,NO_DATA,"U.S. Ground Maps Error Sorry, there is no information for zip code: 10000 Either the zip code does not exist or it was entered incorrectly.",https://www.ups.com/maps/?loc=en_CB
10047,,,,,,,SKIPPED,WAIT_RESULT,NO_DATA,"U.S. Ground Maps Error Sorry, there is no information for zip code: 10047 Either the zip code does not exist or it was entered incorrectly.",https://www.ups.com/maps/?loc=en_CB
10042,,,,,,,SKIPPED,WAIT_RESULT,NO_DATA,"U.S. Ground Maps Error Sorry, there is no information for zip code: 10042 Either the zip code does not exist or it was entered incorrectly.",https://www.ups.com/maps/?loc=en_CB
10048,,,,,,,SKIPPED,WAIT_RESULT,NO_DATA,"U.S. Ground Maps Error Sorry, there is no information for zip code: 10048 Either the zip code does not exist or it was entered incorrectly. Support Help and Support Center Tracking Support Where’s My Package Shipping Guides and Resources Internationa",https://www.ups.com/maps/?loc=en_CB
10049,,,,,,,SKIPPED,WAIT_RESULT,NO_DATA,"U.S. Ground Maps Error Sorry, there is no information for zip code: 10049 Either the zip code does not exist or it was entered incorrectly.",https://www.ups.com/maps/?loc=en_CB
10052,,,,,,,SKIPPED,WAIT_RESULT,NO_DATA,"U.S. Ground Maps Error Sorry, there is no information for zip code: 10052 Either the zip code does not exist or it was entered incorrectly.",https://www.ups.com/maps/?loc=en_CB
10051,,,,,,,SKIPPED,WAIT_RESULT,NO_DATA,"U.S. Ground Maps Error Sorry, there is no information for zip code: 10051 Either the zip code does not exist or it was entered incorrectly.",https://www.ups.com/maps/?loc=en_CB
10050,,,,,,,SKIPPED,WAIT_RESULT,NO_DATA,"U.S. Ground Maps Error Sorry, there is no information for zip code: 10050 Either the zip code does not exist or it was entered incorrectly.",https://www.ups.com/maps/?loc=en_CB
10053,,,,,,,SKIPPED,WAIT_RESULT,NO_DATA,"U.S. Ground Maps Error Sorry, there is no information for zip code: 10053 Either the zip code does not exist or it was entered incorrectly.",https://www.ups.com/maps/?loc=en_CB
10057,,,,,,,SKIPPED,WAIT_RESULT,NO_DATA,"U.S. Ground Maps Error Sorry, there is no information for zip code: 10057 Either the zip code does not exist or it was entered incorrectly.",https://www.ups.com/maps/?loc=en_CB
10054,,,,,,,SKIPPED,WAIT_RESULT,NO_DATA,"U.S. Ground Maps Error Sorry, there is no information for zip code: 10054 Either the zip code does not exist or it was entered incorrectly.",https://www.ups.com/maps/?loc=en_CB
10058,,,,,,,SKIPPED,WAIT_RESULT,NO_DATA,"U.S. Ground Maps Error Sorry, there is no information for zip code: 10058 Either the zip code does not exist or it was entered incorrectly.",https://www.ups.com/maps/?loc=en_CB
10061,,,,,,,SKIPPED,WAIT_RESULT,NO_DATA,"U.S. Ground Maps Error Sorry, there is no information for zip code: 10061 Either the zip code does not exist or it was entered incorrectly.",https://www.ups.com/maps/?loc=en_CB
10056,,,,,,,SKIPPED,WAIT_RESULT,NO_DATA,"U.S. Ground Maps Error Sorry, there is no information for zip code: 10056 Either the zip code does not exist or it was entered incorrectly.",https://www.ups.com/maps/?loc=en_CB
10059,,,,,,,SKIPPED,WAIT_RESULT,NO_DATA,"U.S. Ground Maps Error Sorry, there is no information for zip code: 10059 Either the zip code does not exist or it was entered incorrectly. Support Help and Support Center Tracking Support Where’s My Package Shipping Guides and Resources Internationa",https://www.ups.com/maps/?loc=en_CB
10063,,,,,,,SKIPPED,WAIT_RESULT,NO_DATA,"U.S. Ground Maps Error Sorry, there is no information for zip code: 10063 Either the zip code does not exist or it was entered incorrectly.",https://www.ups.com/maps/?loc=en_CB
10066,,,,,,,SKIPPED,WAIT_RESULT,NO_DATA,"U.S. Ground Maps Error Sorry, there is no information for zip code: 10066 Either the zip code does not exist or it was entered incorrectly.",https://www.ups.com/maps/?loc=en_CB
10062,,,,,,,SKIPPED,WAIT_RESULT,NO_DATA,"U.S. Ground Maps Error Sorry, there is no information for zip code: 10062 Either the zip code does not exist or it was entered incorrectly.",https://www.ups.com/maps/?loc=en_CB
10064,,,,,,,SKIPPED,WAIT_RESULT,NO_DATA,"U.S. Ground Maps Error Sorry, there is no information for zip code: 10064 Either the zip code does not exist or it was entered incorrectly.",https://www.ups.com/maps/?loc=en_CB
10067,,,,,,,SKIPPED,WAIT_RESULT,NO_DATA,"Log In Log In Sign Up Hello there! Create a profile and receive access to: Personalized discounts up to 83% off Tracking notifications Saved addresses for faster shipping U.S. Ground Maps Error Sorry, there is no information for zip code: 10067 Eithe",https://www.ups.com/maps/?loc=en_CB
10071,,,,,,,SKIPPED,WAIT_RESULT,NO_DATA,"U.S. Ground Maps Error Sorry, there is no information for zip code: 10071 Either the zip code does not exist or it was entered incorrectly.",https://www.ups.com/maps/?loc=en_CB
10070,,,,,,,SKIPPED,WAIT_RESULT,NO_DATA,"U.S. Ground Maps Error Sorry, there is no information for zip code: 10070 Either the zip code does not exist or it was entered incorrectly.",https://www.ups.com/maps/?loc=en_CB
10068,,,,,,,SKIPPED,WAIT_RESULT,NO_DATA,"U.S. Ground Maps Error Sorry, there is no information for zip code: 10068 Either the zip code does not exist or it was entered incorrectly.",https://www.ups.com/maps/?loc=en_CB
10072,,,,,,,SKIPPED,WAIT_RESULT,NO_DATA,"U.S. Ground Maps Error Sorry, there is no information for zip code: 10072 Either the zip code does not exist or it was entered incorrectly.",https://www.ups.com/maps/?loc=en_CB
10076,,,,,,,SKIPPED,WAIT_RESULT,NO_DATA,"U.S. Ground Maps Error Sorry, there is no information for zip code: 10076 Either the zip code does not exist or it was entered incorrectly.",https://www.ups.com/maps/?loc=en_CB
10073,,,,,,,SKIPPED,WAIT_RESULT,NO_DATA,"U.S. Ground Maps Error Sorry, there is no information for zip code: 10073 Either the zip code does not exist or it was entered incorrectly. Support Help and Support Center Tracking Support Where’s My Package Shipping Guides and Resources Internationa",https://www.ups.com/maps/?loc=en_CB
10074,,,,,,,SKIPPED,WAIT_RESULT,NO_DATA,"U.S. Ground Maps Error Sorry, there is no information for zip code: 10074 Either the zip code does not exist or it was entered incorrectly.",https://www.ups.com/maps/?loc=en_CB
10078,,,,,,,SKIPPED,WAIT_RESULT,NO_DATA,"Log In Log In Sign Up Hello there! Create a profile and receive access to: Personalized discounts up to 83% off Tracking notifications Saved addresses for faster shipping U.S. Ground Maps Error Sorry, there is no information for zip code: 10078 Eithe",https://www.ups.com/maps/?loc=en_CB
10082,,,,,,,SKIPPED,WAIT_RESULT,NO_DATA,"U.S. Ground Maps Error Sorry, there is no information for zip code: 10082 Either the zip code does not exist or it was entered incorrectly.",https://www.ups.com/maps/?loc=en_CB
10077,,,,,,,SKIPPED,WAIT_RESULT,NO_DATA,"Log In Log In Sign Up Hello there! Create a profile and receive access to: Personalized discounts up to 83% off Tracking notifications Saved addresses for faster shipping U.S. Ground Maps Error Sorry, there is no information for zip code: 10077 Eithe",https://www.ups.com/maps/?loc=en_CB
10079,,,,,,,SKIPPED,WAIT_RESULT,NO_DATA,"U.S. Ground Maps Error Sorry, there is no information for zip code: 10079 Either the zip code does not exist or it was entered incorrectly.",https://www.ups.com/maps/?loc=en_CB
10084,,,,,,,SKIPPED,WAIT_RESULT,NO_DATA,"U.S. Ground Maps Error Sorry, there is no information for zip code: 10084 Either the zip code does not exist or it was entered incorrectly.",https://www.ups.com/maps/?loc=en_CB
10086,,,,,,,SKIPPED,WAIT_RESULT,NO_DATA,"U.S. Ground Maps Error Sorry, there is no information for zip code: 10086 Either the zip code does not exist or it was entered incorrectly.",https://www.ups.com/maps/?loc=en_CB
10046,,,,,,,SKIPPED,WAIT_RESULT,NO_DATA,"U.S. Ground Maps Error Sorry, there is no information for zip code: 10046 Either the zip code does not exist or it was entered incorrectly.",https://www.ups.com/maps/?loc=en_CB
10083,,,,,,,SKIPPED,WAIT_RESULT,NO_DATA,"U.S. Ground Maps Error Sorry, there is no information for zip code: 10083 Either the zip code does not exist or it was entered incorrectly.",https://www.ups.com/maps/?loc=en_CB
10089,,,,,,,SKIPPED,WAIT_RESULT,NO_DATA,"U.S. Ground Maps Error Sorry, there is no information for zip code: 10089 Either the zip code does not exist or it was entered incorrectly. Support Help and Support Center Tracking Support Where’s My Package Shipping Guides and Resources Internationa",https://www.ups.com/maps/?loc=en_CB
10085,,,,,,,SKIPPED,WAIT_RESULT,NO_DATA,"U.S. Ground Maps Error Sorry, there is no information for zip code: 10085 Either the zip code does not exist or it was entered incorrectly.",https://www.ups.com/maps/?loc=en_CB
10088,,,,,,,SKIPPED,WAIT_RESULT,NO_DATA,"U.S. Ground Maps Error Sorry, there is no information for zip code: 10088 Either the zip code does not exist or it was entered incorrectly.",https://www.ups.com/maps/?loc=en_CB
10092,,,,,,,SKIPPED,WAIT_RESULT,NO_DATA,"U.S. Ground Maps Error Sorry, there is no information for zip code: 10092 Either the zip code does not exist or it was entered incorrectly. Support Help and Support Center Tracking Support Where’s My Package Shipping Guides and Resources Internationa",https://www.ups.com/maps/?loc=en_CB
10093,,,,,,,SKIPPED,WAIT_RESULT,NO_DATA,"Log In Log In Sign Up Hello there! Create a profile and receive access to: Personalized discounts up to 83% off Tracking notifications Saved addresses for faster shipping U.S. Ground Maps Error Sorry, there is no information for zip code: 10093 Eithe",https://www.ups.com/maps/?loc=en_CB
10095,,,,,,,SKIPPED,WAIT_RESULT,NO_DATA,"U.S. Ground Maps Error Sorry, there is no information for zip code: 10095 Either the zip code does not exist or it was entered incorrectly.",https://www.ups.com/maps/?loc=en_CB
10096,,,,,,,SKIPPED,WAIT_RESULT,NO_DATA,"U.S. Ground Maps Error Sorry, there is no information for zip code: 10096 Either the zip code does not exist or it was entered incorrectly. This website uses cookies and analytics technologies We do this to better understand how visitors use our site",https://www.ups.com/maps/?loc=en_CB
10094,,,,,,,SKIPPED,WAIT_RESULT,NO_DATA,"U.S. Ground Maps Error Sorry, there is no information for zip code: 10094 Either the zip code does not exist or it was entered incorrectly.",https://www.ups.com/maps/?loc=en_CB
10091,,,,,,,SKIPPED,WAIT_RESULT,NO_DATA,"Find Closest UPS Location Log In Log In Sign Up Hello there! Create a profile and receive access to: Personalized discounts up to 83% off Tracking notifications Saved addresses for faster shipping U.S. Ground Maps Error Sorry, there is no information",https://www.ups.com/maps/?loc=en_CB
10098,,,,,,,SKIPPED,WAIT_RESULT,NO_DATA,"Log In Log In Sign Up Hello there! Create a profile and receive access to: Personalized discounts up to 83% off Tracking notifications Saved addresses for faster shipping U.S. Ground Maps Error Sorry, there is no information for zip code: 10098 Eithe",https://www.ups.com/maps/?loc=en_CB
10097,,,,,,,SKIPPED,WAIT_RESULT,NO_DATA,"U.S. Ground Maps Error Sorry, there is no information for zip code: 10097 Either the zip code does not exist or it was entered incorrectly.",https://www.ups.com/maps/?loc=en_CB
10127,,,,,,,SKIPPED,WAIT_RESULT,NO_DATA,"U.S. Ground Maps Error Sorry, there is no information for zip code: 10127 Either the zip code does not exist or it was entered incorrectly.",https://www.ups.com/maps/?loc=en_CB
10134,,,,,,,SKIPPED,WAIT_RESULT,NO_DATA,"U.S. Ground Maps Error Sorry, there is no information for zip code: 10134 Either the zip code does not exist or it was entered incorrectly.",https://www.ups.com/maps/?loc=en_CB
10099,,,,,,,SKIPPED,WAIT_RESULT,NO_DATA,"U.S. Ground Maps Error Sorry, there is no information for zip code: 10099 Either the zip code does not exist or it was entered incorrectly.",https://www.ups.com/maps/?loc=en_CB
10135,,,,,,,SKIPPED,WAIT_RESULT,NO_DATA,"U.S. Ground Maps Error Sorry, there is no information for zip code: 10135 Either the zip code does not exist or it was entered incorrectly.",https://www.ups.com/maps/?loc=en_CB
10100,,,,,,,SKIPPED,WAIT_RESULT,NO_DATA,"Log In Log In Sign Up Hello there! Create a profile and receive access to: Personalized discounts up to 83% off Tracking notifications Saved addresses for faster shipping U.S. Ground Maps Error Sorry, there is no information for zip code: 10100 Eithe",https://www.ups.com/maps/?loc=en_CB
10136,,,,,,,SKIPPED,WAIT_RESULT,NO_DATA,"U.S. Ground Maps Error Sorry, there is no information for zip code: 10136 Either the zip code does not exist or it was entered incorrectly.",https://www.ups.com/maps/?loc=en_CB
10137,,,,,,,SKIPPED,WAIT_RESULT,NO_DATA,"U.S. Ground Maps Error Sorry, there is no information for zip code: 10137 Either the zip code does not exist or it was entered incorrectly.",https://www.ups.com/maps/?loc=en_CB
10141,,,,,,,SKIPPED,WAIT_RESULT,NO_DATA,"U.S. Ground Maps Error Sorry, there is no information for zip code: 10141 Either the zip code does not exist or it was entered incorrectly.",https://www.ups.com/maps/?loc=en_CB
10139,,,,,,,SKIPPED,WAIT_RESULT,NO_DATA,"U.S. Ground Maps Error Sorry, there is no information for zip code: 10139 Either the zip code does not exist or it was entered incorrectly.",https://www.ups.com/maps/?loc=en_CB
10143,,,,,,,SKIPPED,WAIT_RESULT,NO_DATA,"U.S. Ground Maps Error Sorry, there is no information for zip code: 10143 Either the zip code does not exist or it was entered incorrectly.",https://www.ups.com/maps/?loc=en_CB
10140,,,,,,,SKIPPED,WAIT_RESULT,NO_DATA,"Log In Log In Sign Up Hello there! Create a profile and receive access to: Personalized discounts up to 83% off Tracking notifications Saved addresses for faster shipping U.S. Ground Maps Error Sorry, there is no information for zip code: 10140 Eithe",https://www.ups.com/maps/?loc=en_CB
10142,,,,,,,SKIPPED,WAIT_RESULT,NO_DATA,"Log In Log In Sign Up Hello there! Create a profile and receive access to: Personalized discounts up to 83% off Tracking notifications Saved addresses for faster shipping U.S. Ground Maps Error Sorry, there is no information for zip code: 10142 Eithe",https://www.ups.com/maps/?loc=en_CB
10147,,,,,,,SKIPPED,WAIT_RESULT,NO_DATA,"U.S. Ground Maps Error Sorry, there is no information for zip code: 10147 Either the zip code does not exist or it was entered incorrectly. This website uses cookies and analytics technologies We do this to better understand how visitors use our site",https://www.ups.com/maps/?loc=en_CB
10146,,,,,,,SKIPPED,WAIT_RESULT,NO_DATA,"U.S. Ground Maps Error Sorry, there is no information for zip code: 10146 Either the zip code does not exist or it was entered incorrectly.",https://www.ups.com/maps/?loc=en_CB
10148,,,,,,,SKIPPED,WAIT_RESULT,NO_DATA,"Log In Log In Sign Up Hello there! Create a profile and receive access to: Personalized discounts up to 83% off Tracking notifications Saved addresses for faster shipping U.S. Ground Maps Error Sorry, there is no information for zip code: 10148 Eithe",https://www.ups.com/maps/?loc=en_CB
10144,,,,,,,SKIPPED,WAIT_RESULT,NO_DATA,"U.S. Ground Maps Error Sorry, there is no information for zip code: 10144 Either the zip code does not exist or it was entered incorrectly.",https://www.ups.com/maps/?loc=en_CB
10161,,,,,,,SKIPPED,WAIT_RESULT,NO_DATA,"Log In Log In Hello there! Create a profile and receive access to: Personalized discounts up to 83% off Tracking notifications Saved addresses for faster shipping U.S. Ground Maps Error Sorry, there is no information for zip code: 10161 Either the zi",https://www.ups.com/maps/?loc=en_CB
10145,,,,,,,SKIPPED,WAIT_RESULT,NO_DATA,"Find Closest UPS Location Log In Log In Sign Up Hello there! Create a profile and receive access to: Personalized discounts up to 83% off Tracking notifications Saved addresses for faster shipping U.S. Ground Maps Error Sorry, there is no information",https://www.ups.com/maps/?loc=en_CB
10180,,,,,,,SKIPPED,WAIT_RESULT,NO_DATA,"U.S. Ground Maps Error Sorry, there is no information for zip code: 10180 Either the zip code does not exist or it was entered incorrectly.",https://www.ups.com/maps/?loc=en_CB
10181,,,,,,,SKIPPED,WAIT_RESULT,NO_DATA,"U.S. Ground Maps Error Sorry, there is no information for zip code: 10181 Either the zip code does not exist or it was entered incorrectly.",https://www.ups.com/maps/?loc=en_CB
10183,,,,,,,SKIPPED,WAIT_RESULT,NO_DATA,"U.S. Ground Maps Error Sorry, there is no information for zip code: 10183 Either the zip code does not exist or it was entered incorrectly.",https://www.ups.com/maps/?loc=en_CB
10149,,,,,,,SKIPPED,WAIT_RESULT,NO_DATA,"U.S. Ground Maps Error Sorry, there is no information for zip code: 10149 Either the zip code does not exist or it was entered incorrectly.",https://www.ups.com/maps/?loc=en_CB
10184,,,,,,,SKIPPED,WAIT_RESULT,NO_DATA,"Log In Log In Sign Up Hello there! Create a profile and receive access to: Personalized discounts up to 83% off Tracking notifications Saved addresses for faster shipping U.S. Ground Maps Error Sorry, there is no information for zip code: 10184 Eithe",https://www.ups.com/maps/?loc=en_CB
10182,,,,,,,SKIPPED,WAIT_RESULT,NO_DATA,"U.S. Ground Maps Error Sorry, there is no information for zip code: 10182 Either the zip code does not exist or it was entered incorrectly.",https://www.ups.com/maps/?loc=en_CB
10186,,,,,,,SKIPPED,WAIT_RESULT,NO_DATA,"U.S. Ground Maps Error Sorry, there is no information for zip code: 10186 Either the zip code does not exist or it was entered incorrectly.",https://www.ups.com/maps/?loc=en_CB
10188,,,,,,,SKIPPED,WAIT_RESULT,NO_DATA,"U.S. Ground Maps Error Sorry, there is no information for zip code: 10188 Either the zip code does not exist or it was entered incorrectly.",https://www.ups.com/maps/?loc=en_CB
10187,,,,,,,SKIPPED,WAIT_RESULT,NO_DATA,"U.S. Ground Maps Error Sorry, there is no information for zip code: 10187 Either the zip code does not exist or it was entered incorrectly.",https://www.ups.com/maps/?loc=en_CB
10190,,,,,,,SKIPPED,WAIT_RESULT,NO_DATA,"U.S. Ground Maps Error Sorry, there is no information for zip code: 10190 Either the zip code does not exist or it was entered incorrectly.",https://www.ups.com/maps/?loc=en_CB
10189,,,,,,,SKIPPED,WAIT_RESULT,NO_DATA,"U.S. Ground Maps Error Sorry, there is no information for zip code: 10189 Either the zip code does not exist or it was entered incorrectly. This website uses cookies and analytics technologies We do this to better understand how visitors use our site",https://www.ups.com/maps/?loc=en_CB
10191,,,,,,,SKIPPED,WAIT_RESULT,NO_DATA,"U.S. Ground Maps Error Sorry, there is no information for zip code: 10191 Either the zip code does not exist or it was entered incorrectly.",https://www.ups.com/maps/?loc=en_CB
10193,,,,,,,SKIPPED,WAIT_RESULT,NO_DATA,"U.S. Ground Maps Error Sorry, there is no information for zip code: 10193 Either the zip code does not exist or it was entered incorrectly.",https://www.ups.com/maps/?loc=en_CB
10195,,,,,,,SKIPPED,WAIT_RESULT,NO_DATA,"U.S. Ground Maps Error Sorry, there is no information for zip code: 10195 Either the zip code does not exist or it was entered incorrectly.",https://www.ups.com/maps/?loc=en_CB
10194,,,,,,,SKIPPED,WAIT_RESULT,NO_DATA,"Log In Log In Sign Up Hello there! Create a profile and receive access to: Personalized discounts up to 83% off Tracking notifications Saved addresses for faster shipping U.S. Ground Maps Error Sorry, there is no information for zip code: 10194 Eithe",https://www.ups.com/maps/?loc=en_CB
10196,,,,,,,SKIPPED,WAIT_RESULT,NO_DATA,"U.S. Ground Maps Error Sorry, there is no information for zip code: 10196 Either the zip code does not exist or it was entered incorrectly.",https://www.ups.com/maps/?loc=en_CB
10192,,,,,,,SKIPPED,WAIT_RESULT,NO_DATA,"U.S. Ground Maps Error Sorry, there is no information for zip code: 10192 Either the zip code does not exist or it was entered incorrectly.",https://www.ups.com/maps/?loc=en_CB
10197,,,,,,,SKIPPED,WAIT_RESULT,NO_DATA,"U.S. Ground Maps Error Sorry, there is no information for zip code: 10197 Either the zip code does not exist or it was entered incorrectly.",https://www.ups.com/maps/?loc=en_CB
10200,,,,,,,SKIPPED,WAIT_RESULT,NO_DATA,"U.S. Ground Maps Error Sorry, there is no information for zip code: 10200 Either the zip code does not exist or it was entered incorrectly.",https://www.ups.com/maps/?loc=en_CB
10202,,,,,,,SKIPPED,WAIT_RESULT,NO_DATA,"U.S. Ground Maps Error Sorry, there is no information for zip code: 10202 Either the zip code does not exist or it was entered incorrectly.",https://www.ups.com/maps/?loc=en_CB
10198,,,,,,,SKIPPED,WAIT_RESULT,NO_DATA,"U.S. Ground Maps Error Sorry, there is no information for zip code: 10198 Either the zip code does not exist or it was entered incorrectly.",https://www.ups.com/maps/?loc=en_CB
10204,,,,,,,SKIPPED,WAIT_RESULT,NO_DATA,"Find Closest UPS Location Log In Log In Sign Up Hello there! Create a profile and receive access to: Personalized discounts up to 83% off Tracking notifications Saved addresses for faster shipping U.S. Ground Maps Error Sorry, there is no information",https://www.ups.com/maps/?loc=en_CB
10206,,,,,,,SKIPPED,WAIT_RESULT,NO_DATA,"U.S. Ground Maps Error Sorry, there is no information for zip code: 10206 Either the zip code does not exist or it was entered incorrectly.",https://www.ups.com/maps/?loc=en_CB
10205,,,,,,,SKIPPED,WAIT_RESULT,NO_DATA,"U.S. Ground Maps Error Sorry, there is no information for zip code: 10205 Either the zip code does not exist or it was entered incorrectly.",https://www.ups.com/maps/?loc=en_CB
10201,,,,,,,SKIPPED,WAIT_RESULT,NO_DATA,"U.S. Ground Maps Error Sorry, there is no information for zip code: 10201 Either the zip code does not exist or it was entered incorrectly. Support Help and Support Center Tracking Support Where’s My Package Shipping Guides and Resources Internationa",https://www.ups.com/maps/?loc=en_CB
10208,,,,,,,SKIPPED,WAIT_RESULT,NO_DATA,"Log In Log In Sign Up Hello there! Create a profile and receive access to: Personalized discounts up to 83% off Tracking notifications Saved addresses for faster shipping U.S. Ground Maps Error Sorry, there is no information for zip code: 10208 Eithe",https://www.ups.com/maps/?loc=en_CB
10207,,,,,,,SKIPPED,WAIT_RESULT,NO_DATA,"Find Closest UPS Location Log In Log In Sign Up Hello there! Create a profile and receive access to: Personalized discounts up to 83% off Tracking notifications Saved addresses for faster shipping U.S. Ground Maps Error Sorry, there is no information",https://www.ups.com/maps/?loc=en_CB
10209,,,,,,,SKIPPED,WAIT_RESULT,NO_DATA,"U.S. Ground Maps Error Sorry, there is no information for zip code: 10209 Either the zip code does not exist or it was entered incorrectly.",https://www.ups.com/maps/?loc=en_CB
10215,,,,,,,SKIPPED,WAIT_RESULT,NO_DATA,"U.S. Ground Maps Error Sorry, there is no information for zip code: 10215 Either the zip code does not exist or it was entered incorrectly.",https://www.ups.com/maps/?loc=en_CB
10210,,,,,,,SKIPPED,WAIT_RESULT,NO_DATA,"U.S. Ground Maps Error Sorry, there is no information for zip code: 10210 Either the zip code does not exist or it was entered incorrectly.",https://www.ups.com/maps/?loc=en_CB
10218,,,,,,,SKIPPED,WAIT_RESULT,NO_DATA,"Find Closest UPS Location Log In Log In Sign Up Hello there! Create a profile and receive access to: Personalized discounts up to 83% off Tracking notifications Saved addresses for faster shipping U.S. Ground Maps Error Sorry, there is no information",https://www.ups.com/maps/?loc=en_CB
10214,,,,,,,SKIPPED,WAIT_RESULT,NO_DATA,"Find Closest UPS Location Log In Log In Sign Up Hello there! Create a profile and receive access to: Personalized discounts up to 83% off Tracking notifications Saved addresses for faster shipping U.S. Ground Maps Error Sorry, there is no information",https://www.ups.com/maps/?loc=en_CB
10216,,,,,,,SKIPPED,WAIT_RESULT,NO_DATA,"U.S. Ground Maps Error Sorry, there is no information for zip code: 10216 Either the zip code does not exist or it was entered incorrectly.",https://www.ups.com/maps/?loc=en_CB
10219,,,,,,,SKIPPED,WAIT_RESULT,NO_DATA,"U.S. Ground Maps Error Sorry, there is no information for zip code: 10219 Either the zip code does not exist or it was entered incorrectly.",https://www.ups.com/maps/?loc=en_CB
10220,,,,,,,SKIPPED,WAIT_RESULT,NO_DATA,"Log In Log In Sign Up Hello there! Create a profile and receive access to: Personalized discounts up to 83% off Tracking notifications Saved addresses for faster shipping U.S. Ground Maps Error Sorry, there is no information for zip code: 10220 Eithe",https://www.ups.com/maps/?loc=en_CB
10222,,,,,,,SKIPPED,WAIT_RESULT,NO_DATA,"U.S. Ground Maps Error Sorry, there is no information for zip code: 10222 Either the zip code does not exist or it was entered incorrectly.",https://www.ups.com/maps/?loc=en_CB
10223,,,,,,,SKIPPED,WAIT_RESULT,NO_DATA,"U.S. Ground Maps Error Sorry, there is no information for zip code: 10223 Either the zip code does not exist or it was entered incorrectly.",https://www.ups.com/maps/?loc=en_CB
10221,,,,,,,SKIPPED,WAIT_RESULT,NO_DATA,"Log In Log In Hello there! Create a profile and receive access to: Personalized discounts up to 83% off Tracking notifications Saved addresses for faster shipping U.S. Ground Maps Error Sorry, there is no information for zip code: 10221 Either the zi",https://www.ups.com/maps/?loc=en_CB
10217,,,,,,,SKIPPED,WAIT_RESULT,NO_DATA,"U.S. Ground Maps Error Sorry, there is no information for zip code: 10217 Either the zip code does not exist or it was entered incorrectly.",https://www.ups.com/maps/?loc=en_CB
10224,,,,,,,SKIPPED,WAIT_RESULT,NO_DATA,"U.S. Ground Maps Error Sorry, there is no information for zip code: 10224 Either the zip code does not exist or it was entered incorrectly.",https://www.ups.com/maps/?loc=en_CB
10226,,,,,,,SKIPPED,WAIT_RESULT,NO_DATA,"U.S. Ground Maps Error Sorry, there is no information for zip code: 10226 Either the zip code does not exist or it was entered incorrectly.",https://www.ups.com/maps/?loc=en_CB
10225,,,,,,,SKIPPED,WAIT_RESULT,NO_DATA,"U.S. Ground Maps Error Sorry, there is no information for zip code: 10225 Either the zip code does not exist or it was entered incorrectly.",https://www.ups.com/maps/?loc=en_CB
10228,,,,,,,SKIPPED,WAIT_RESULT,NO_DATA,"U.S. Ground Maps Error Sorry, there is no information for zip code: 10228 Either the zip code does not exist or it was entered incorrectly.",https://www.ups.com/maps/?loc=en_CB
10231,,,,,,,SKIPPED,WAIT_RESULT,NO_DATA,"U.S. Ground Maps Error Sorry, there is no information for zip code: 10231 Either the zip code does not exist or it was entered incorrectly.",https://www.ups.com/maps/?loc=en_CB
10227,,,,,,,SKIPPED,WAIT_RESULT,NO_DATA,"U.S. Ground Maps Error Sorry, there is no information for zip code: 10227 Either the zip code does not exist or it was entered incorrectly.",https://www.ups.com/maps/?loc=en_CB
10229,,,,,,,SKIPPED,WAIT_RESULT,NO_DATA,"Find Closest UPS Location Log In Log In Sign Up Hello there! Create a profile and receive access to: Personalized discounts up to 83% off Tracking notifications Saved addresses for faster shipping U.S. Ground Maps Error Sorry, there is no information",https://www.ups.com/maps/?loc=en_CB
10230,,,,,,,SKIPPED,WAIT_RESULT,NO_DATA,"Find Closest UPS Location Log In Log In Sign Up Hello there! Create a profile and receive access to: Personalized discounts up to 83% off Tracking notifications Saved addresses for faster shipping U.S. Ground Maps Error Sorry, there is no information",https://www.ups.com/maps/?loc=en_CB
10232,,,,,,,SKIPPED,WAIT_RESULT,NO_DATA,"U.S. Ground Maps Error Sorry, there is no information for zip code: 10232 Either the zip code does not exist or it was entered incorrectly.",https://www.ups.com/maps/?loc=en_CB
10234,,,,,,,SKIPPED,WAIT_RESULT,NO_DATA,"U.S. Ground Maps Error Sorry, there is no information for zip code: 10234 Either the zip code does not exist or it was entered incorrectly. This website uses cookies and analytics technologies We do this to better understand how visitors use our site",https://www.ups.com/maps/?loc=en_CB
10235,,,,,,,SKIPPED,WAIT_RESULT,NO_DATA,"U.S. Ground Maps Error Sorry, there is no information for zip code: 10235 Either the zip code does not exist or it was entered incorrectly.",https://www.ups.com/maps/?loc=en_CB
10236,,,,,,,SKIPPED,WAIT_RESULT,NO_DATA,"Log In Log In Sign Up Hello there! Create a profile and receive access to: Personalized discounts up to 83% off Tracking notifications Saved addresses for faster shipping U.S. Ground Maps Error Sorry, there is no information for zip code: 10236 Eithe",https://www.ups.com/maps/?loc=en_CB
10233,,,,,,,SKIPPED,WAIT_RESULT,NO_DATA,"U.S. Ground Maps Error Sorry, there is no information for zip code: 10233 Either the zip code does not exist or it was entered incorrectly.",https://www.ups.com/maps/?loc=en_CB
10238,,,,,,,SKIPPED,WAIT_RESULT,NO_DATA,"Find Closest UPS Location Log In Log In Sign Up Hello there! Create a profile and receive access to: Personalized discounts up to 83% off Tracking notifications Saved addresses for faster shipping U.S. Ground Maps Error Sorry, there is no information",https://www.ups.com/maps/?loc=en_CB
10237,,,,,,,SKIPPED,WAIT_RESULT,NO_DATA,"Find Closest UPS Location Log In Log In Sign Up Hello there! Create a profile and receive access to: Personalized discounts up to 83% off Tracking notifications Saved addresses for faster shipping U.S. Ground Maps Error Sorry, there is no information",https://www.ups.com/maps/?loc=en_CB
10239,,,,,,,SKIPPED,WAIT_RESULT,NO_DATA,"Find Closest UPS Location Log In Log In Sign Up Hello there! Create a profile and receive access to: Personalized discounts up to 83% off Tracking notifications Saved addresses for faster shipping U.S. Ground Maps Error Sorry, there is no information",https://www.ups.com/maps/?loc=en_CB
10243,,,,,,,SKIPPED,WAIT_RESULT,NO_DATA,"Find Closest UPS Location Log In Log In Sign Up Hello there! Create a profile and receive access to: Personalized discounts up to 83% off Tracking notifications Saved addresses for faster shipping U.S. Ground Maps Error Sorry, there is no information",https://www.ups.com/maps/?loc=en_CB
10240,,,,,,,SKIPPED,WAIT_RESULT,NO_DATA,Service Alerts United States - English Support Shipping Tracking Products & Services The UPS Store Log In Log In Sign Up Hello there! Create a profile and receive access to: Personalized discounts up to 83% off Tracking notifications Saved addresses ,https://www.ups.com/maps/?loc=en_CB
10245,,,,,,,SKIPPED,WAIT_RESULT,NO_DATA,"U.S. Ground Maps Error Sorry, there is no information for zip code: 10245 Either the zip code does not exist or it was entered incorrectly.",https://www.ups.com/maps/?loc=en_CB
10241,,,,,,,SKIPPED,WAIT_RESULT,NO_DATA,"Find Closest UPS Location Log In Log In Sign Up Hello there! Create a profile and receive access to: Personalized discounts up to 83% off Tracking notifications Saved addresses for faster shipping U.S. Ground Maps Error Sorry, there is no information",https://www.ups.com/maps/?loc=en_CB
10244,,,,,,,SKIPPED,WAIT_RESULT,NO_DATA,"Find Closest UPS Location Log In Log In Sign Up Hello there! Create a profile and receive access to: Personalized discounts up to 83% off Tracking notifications Saved addresses for faster shipping U.S. Ground Maps Error Sorry, there is no information",https://www.ups.com/maps/?loc=en_CB
10246,,,,,,,SKIPPED,WAIT_RESULT,NO_DATA,Service Alerts United States - English Support Shipping Tracking Products & Services The UPS Store Log In Log In Sign Up Hello there! Create a profile and receive access to: Personalized discounts up to 83% off Tracking notifications Saved addresses ,https://www.ups.com/maps/?loc=en_CB
10247,,,,,,,SKIPPED,WAIT_RESULT,NO_DATA,"U.S. Ground Maps Error Sorry, there is no information for zip code: 10247 Either the zip code does not exist or it was entered incorrectly.",https://www.ups.com/maps/?loc=en_CB
10248,,,,,,,SKIPPED,WAIT_RESULT,NO_DATA,"U.S. Ground Maps Error Sorry, there is no information for zip code: 10248 Either the zip code does not exist or it was entered incorrectly.",https://www.ups.com/maps/?loc=en_CB
10250,,,,,,,SKIPPED,WAIT_RESULT,NO_DATA,"U.S. Ground Maps Error Sorry, there is no information for zip code: 10250 Either the zip code does not exist or it was entered incorrectly.",https://www.ups.com/maps/?loc=en_CB
10251,,,,,,,SKIPPED,WAIT_RESULT,NO_DATA,"Log In Log In Sign Up Hello there! Create a profile and receive access to: Personalized discounts up to 83% off Tracking notifications Saved addresses for faster shipping U.S. Ground Maps Error Sorry, there is no information for zip code: 10251 Eithe",https://www.ups.com/maps/?loc=en_CB
10253,,,,,,,SKIPPED,WAIT_RESULT,NO_DATA,"U.S. Ground Maps Error Sorry, there is no information for zip code: 10253 Either the zip code does not exist or it was entered incorrectly.",https://www.ups.com/maps/?loc=en_CB
10252,,,,,,,SKIPPED,WAIT_RESULT,NO_DATA,"U.S. Ground Maps Error Sorry, there is no information for zip code: 10252 Either the zip code does not exist or it was entered incorrectly.",https://www.ups.com/maps/?loc=en_CB
10254,,,,,,,SKIPPED,WAIT_RESULT,NO_DATA,"U.S. Ground Maps Error Sorry, there is no information for zip code: 10254 Either the zip code does not exist or it was entered incorrectly. Support Help and Support Center Tracking Support Where’s My Package Shipping Guides and Resources Internationa",https://www.ups.com/maps/?loc=en_CB
10255,,,,,,,SKIPPED,WAIT_RESULT,NO_DATA,"Log In Log In Sign Up Hello there! Create a profile and receive access to: Personalized discounts up to 83% off Tracking notifications Saved addresses for faster shipping U.S. Ground Maps Error Sorry, there is no information for zip code: 10255 Eithe",https://www.ups.com/maps/?loc=en_CB
10257,,,,,,,SKIPPED,WAIT_RESULT,NO_DATA,"Log In Log In Sign Up Hello there! Create a profile and receive access to: Personalized discounts up to 83% off Tracking notifications Saved addresses for faster shipping U.S. Ground Maps Error Sorry, there is no information for zip code: 10257 Eithe",https://www.ups.com/maps/?loc=en_CB
10263,,,,,,,SKIPPED,WAIT_RESULT,NO_DATA,"U.S. Ground Maps Error Sorry, there is no information for zip code: 10263 Either the zip code does not exist or it was entered incorrectly. Support Help and Support Center Tracking Support Where’s My Package Shipping Guides and Resources Internationa",https://www.ups.com/maps/?loc=en_CB
10262,,,,,,,SKIPPED,WAIT_RESULT,NO_DATA,"U.S. Ground Maps Error Sorry, there is no information for zip code: 10262 Either the zip code does not exist or it was entered incorrectly.",https://www.ups.com/maps/?loc=en_CB
10264,,,,,,,SKIPPED,WAIT_RESULT,NO_DATA,"Log In Log In Sign Up Hello there! Create a profile and receive access to: Personalized discounts up to 83% off Tracking notifications Saved addresses for faster shipping U.S. Ground Maps Error Sorry, there is no information for zip code: 10264 Eithe",https://www.ups.com/maps/?loc=en_CB
10266,,,,,,,SKIPPED,WAIT_RESULT,NO_DATA,"U.S. Ground Maps Error Sorry, there is no information for zip code: 10266 Either the zip code does not exist or it was entered incorrectly.",https://www.ups.com/maps/?loc=en_CB
10267,,,,,,,SKIPPED,WAIT_RESULT,NO_DATA,"U.S. Ground Maps Error Sorry, there is no information for zip code: 10267 Either the zip code does not exist or it was entered incorrectly.",https://www.ups.com/maps/?loc=en_CB
10284,,,,,,,SKIPPED,WAIT_RESULT,NO_DATA,"Log In Log In Sign Up Hello there! Create a profile and receive access to: Personalized discounts up to 83% off Tracking notifications Saved addresses for faster shipping U.S. Ground Maps Error Sorry, there is no information for zip code: 10284 Eithe",https://www.ups.com/maps/?loc=en_CB
10287,,,,,,,SKIPPED,WAIT_RESULT,NO_DATA,"U.S. Ground Maps Error Sorry, there is no information for zip code: 10287 Either the zip code does not exist or it was entered incorrectly.",https://www.ups.com/maps/?loc=en_CB
10288,,,,,,,SKIPPED,WAIT_RESULT,NO_DATA,"U.S. Ground Maps Error Sorry, there is no information for zip code: 10288 Either the zip code does not exist or it was entered incorrectly.",https://www.ups.com/maps/?loc=en_CB
10283,,,,,,,SKIPPED,WAIT_RESULT,NO_DATA,"U.S. Ground Maps Error Sorry, there is no information for zip code: 10283 Either the zip code does not exist or it was entered incorrectly. Support Help and Support Center Tracking Support Where’s My Package Shipping Guides and Resources Internationa",https://www.ups.com/maps/?loc=en_CB
10289,,,,,,,SKIPPED,WAIT_RESULT,NO_DATA,"U.S. Ground Maps Error Sorry, there is no information for zip code: 10289 Either the zip code does not exist or it was entered incorrectly. Support Help and Support Center Tracking Support Where’s My Package Shipping Guides and Resources Internationa",https://www.ups.com/maps/?loc=en_CB
10290,,,,,,,SKIPPED,WAIT_RESULT,NO_DATA,"Find Closest UPS Location Log In Log In Sign Up Hello there! Create a profile and receive access to: Personalized discounts up to 83% off Tracking notifications Saved addresses for faster shipping U.S. Ground Maps Error Sorry, there is no information",https://www.ups.com/maps/?loc=en_CB
10291,,,,,,,SKIPPED,WAIT_RESULT,NO_DATA,"Find Closest UPS Location Log In Log In Sign Up Hello there! Create a profile and receive access to: Personalized discounts up to 83% off Tracking notifications Saved addresses for faster shipping U.S. Ground Maps Error Sorry, there is no information",https://www.ups.com/maps/?loc=en_CB
10293,,,,,,,SKIPPED,WAIT_RESULT,NO_DATA,"Log In Log In Sign Up Hello there! Create a profile and receive access to: Personalized discounts up to 83% off Tracking notifications Saved addresses for faster shipping U.S. Ground Maps Error Sorry, there is no information for zip code: 10293 Eithe",https://www.ups.com/maps/?loc=en_CB
10295,,,,,,,SKIPPED,WAIT_RESULT,NO_DATA,"U.S. Ground Maps Error Sorry, there is no information for zip code: 10295 Either the zip code does not exist or it was entered incorrectly.",https://www.ups.com/maps/?loc=en_CB
10294,,,,,,,SKIPPED,WAIT_RESULT,NO_DATA,"Find Closest UPS Location Log In Log In Sign Up Hello there! Create a profile and receive access to: Personalized discounts up to 83% off Tracking notifications Saved addresses for faster shipping U.S. Ground Maps Error Sorry, there is no information",https://www.ups.com/maps/?loc=en_CB
10296,,,,,,,SKIPPED,WAIT_RESULT,NO_DATA,"Log In Log In Sign Up Hello there! Create a profile and receive access to: Personalized discounts up to 83% off Tracking notifications Saved addresses for faster shipping U.S. Ground Maps Error Sorry, there is no information for zip code: 10296 Eithe",https://www.ups.com/maps/?loc=en_CB
10292,,,,,,,SKIPPED,WAIT_RESULT,NO_DATA,Find Closest UPS Location Service Alerts United States - English Support Shipping Tracking Products & Services The UPS Store Log In Log In Sign Up Hello there! Create a profile and receive access to: Personalized discounts up to 83% off Tracking noti,https://www.ups.com/maps/?loc=en_CB
10297,,,,,,,SKIPPED,WAIT_RESULT,NO_DATA,"U.S. Ground Maps Error Sorry, there is no information for zip code: 10297 Either the zip code does not exist or it was entered incorrectly.",https://www.ups.com/maps/?loc=en_CB
10298,,,,,,,SKIPPED,WAIT_RESULT,NO_DATA,"U.S. Ground Maps Error Sorry, there is no information for zip code: 10298 Either the zip code does not exist or it was entered incorrectly.",https://www.ups.com/maps/?loc=en_CB
10299,,,,,,,SKIPPED,WAIT_RESULT,NO_DATA,"U.S. Ground Maps Error Sorry, there is no information for zip code: 10299 Either the zip code does not exist or it was entered incorrectly.",https://www.ups.com/maps/?loc=en_CB
10315,,,,,,,SKIPPED,WAIT_RESULT,NO_DATA,"U.S. Ground Maps Error Sorry, there is no information for zip code: 10315 Either the zip code does not exist or it was entered incorrectly.",https://www.ups.com/maps/?loc=en_CB
10317,,,,,,,SKIPPED,WAIT_RESULT,NO_DATA,"U.S. Ground Maps Error Sorry, there is no information for zip code: 10317 Either the zip code does not exist or it was entered incorrectly.",https://www.ups.com/maps/?loc=en_CB
10316,,,,,,,SKIPPED,WAIT_RESULT,NO_DATA,"U.S. Ground Maps Error Sorry, there is no information for zip code: 10316 Either the zip code does not exist or it was entered incorrectly.",https://www.ups.com/maps/?loc=en_CB
10318,,,,,,,SKIPPED,WAIT_RESULT,NO_DATA,"U.S. Ground Maps Error Sorry, there is no information for zip code: 10318 Either the zip code does not exist or it was entered incorrectly.",https://www.ups.com/maps/?loc=en_CB
10300,,,,,,,SKIPPED,WAIT_RESULT,NO_DATA,"U.S. Ground Maps Error Sorry, there is no information for zip code: 10300 Either the zip code does not exist or it was entered incorrectly.",https://www.ups.com/maps/?loc=en_CB
10319,,,,,,,SKIPPED,WAIT_RESULT,NO_DATA,"Log In Log In Sign Up Hello there! Create a profile and receive access to: Personalized discounts up to 83% off Tracking notifications Saved addresses for faster shipping U.S. Ground Maps Error Sorry, there is no information for zip code: 10319 Eithe",https://www.ups.com/maps/?loc=en_CB
10320,,,,,,,SKIPPED,WAIT_RESULT,NO_DATA,"U.S. Ground Maps Error Sorry, there is no information for zip code: 10320 Either the zip code does not exist or it was entered incorrectly. This website uses cookies and analytics technologies We do this to better understand how visitors use our site",https://www.ups.com/maps/?loc=en_CB
10321,,,,,,,SKIPPED,WAIT_RESULT,NO_DATA,"U.S. Ground Maps Error Sorry, there is no information for zip code: 10321 Either the zip code does not exist or it was entered incorrectly.",https://www.ups.com/maps/?loc=en_CB
10323,,,,,,,SKIPPED,WAIT_RESULT,NO_DATA,"U.S. Ground Maps Error Sorry, there is no information for zip code: 10323 Either the zip code does not exist or it was entered incorrectly.",https://www.ups.com/maps/?loc=en_CB
10324,,,,,,,SKIPPED,WAIT_RESULT,NO_DATA,"U.S. Ground Maps Error Sorry, there is no information for zip code: 10324 Either the zip code does not exist or it was entered incorrectly.",https://www.ups.com/maps/?loc=en_CB
10322,,,,,,,SKIPPED,WAIT_RESULT,NO_DATA,"U.S. Ground Maps Error Sorry, there is no information for zip code: 10322 Either the zip code does not exist or it was entered incorrectly.",https://www.ups.com/maps/?loc=en_CB
10326,,,,,,,SKIPPED,WAIT_RESULT,NO_DATA,"U.S. Ground Maps Error Sorry, there is no information for zip code: 10326 Either the zip code does not exist or it was entered incorrectly.",https://www.ups.com/maps/?loc=en_CB
10325,,,,,,,SKIPPED,WAIT_RESULT,NO_DATA,"U.S. Ground Maps Error Sorry, there is no information for zip code: 10325 Either the zip code does not exist or it was entered incorrectly.",https://www.ups.com/maps/?loc=en_CB
10327,,,,,,,SKIPPED,WAIT_RESULT,NO_DATA,"U.S. Ground Maps Error Sorry, there is no information for zip code: 10327 Either the zip code does not exist or it was entered incorrectly.",https://www.ups.com/maps/?loc=en_CB
10329,,,,,,,SKIPPED,WAIT_RESULT,NO_DATA,"U.S. Ground Maps Error Sorry, there is no information for zip code: 10329 Either the zip code does not exist or it was entered incorrectly.",https://www.ups.com/maps/?loc=en_CB
10330,,,,,,,SKIPPED,WAIT_RESULT,NO_DATA,"U.S. Ground Maps Error Sorry, there is no information for zip code: 10330 Either the zip code does not exist or it was entered incorrectly.",https://www.ups.com/maps/?loc=en_CB
10328,,,,,,,SKIPPED,WAIT_RESULT,NO_DATA,Service Alerts United States - English Support Shipping Tracking Products & Services The UPS Store Log In Log In Sign Up Hello there! Create a profile and receive access to: Personalized discounts up to 83% off Tracking notifications Saved addresses ,https://www.ups.com/maps/?loc=en_CB
10331,,,,,,,SKIPPED,WAIT_RESULT,NO_DATA,"U.S. Ground Maps Error Sorry, there is no information for zip code: 10331 Either the zip code does not exist or it was entered incorrectly.",https://www.ups.com/maps/?loc=en_CB
10332,,,,,,,SKIPPED,WAIT_RESULT,NO_DATA,"U.S. Ground Maps Error Sorry, there is no information for zip code: 10332 Either the zip code does not exist or it was entered incorrectly.",https://www.ups.com/maps/?loc=en_CB
10333,,,,,,,SKIPPED,WAIT_RESULT,NO_DATA,"U.S. Ground Maps Error Sorry, there is no information for zip code: 10333 Either the zip code does not exist or it was entered incorrectly.",https://www.ups.com/maps/?loc=en_CB
10335,,,,,,,SKIPPED,WAIT_RESULT,NO_DATA,"U.S. Ground Maps Error Sorry, there is no information for zip code: 10335 Either the zip code does not exist or it was entered incorrectly.",https://www.ups.com/maps/?loc=en_CB
10336,,,,,,,SKIPPED,WAIT_RESULT,NO_DATA,"Log In Log In Sign Up Hello there! Create a profile and receive access to: Personalized discounts up to 83% off Tracking notifications Saved addresses for faster shipping U.S. Ground Maps Error Sorry, there is no information for zip code: 10336 Eithe",https://www.ups.com/maps/?loc=en_CB
10337,,,,,,,SKIPPED,WAIT_RESULT,NO_DATA,"U.S. Ground Maps Error Sorry, there is no information for zip code: 10337 Either the zip code does not exist or it was entered incorrectly.",https://www.ups.com/maps/?loc=en_CB
10338,,,,,,,SKIPPED,WAIT_RESULT,NO_DATA,"Log In Log In Sign Up Hello there! Create a profile and receive access to: Personalized discounts up to 83% off Tracking notifications Saved addresses for faster shipping U.S. Ground Maps Error Sorry, there is no information for zip code: 10338 Eithe",https://www.ups.com/maps/?loc=en_CB
10334,,,,,,,SKIPPED,WAIT_RESULT,NO_DATA,"U.S. Ground Maps Error Sorry, there is no information for zip code: 10334 Either the zip code does not exist or it was entered incorrectly.",https://www.ups.com/maps/?loc=en_CB
10339,,,,,,,SKIPPED,WAIT_RESULT,NO_DATA,"Log In Log In Sign Up Hello there! Create a profile and receive access to: Personalized discounts up to 83% off Tracking notifications Saved addresses for faster shipping U.S. Ground Maps Error Sorry, there is no information for zip code: 10339 Eithe",https://www.ups.com/maps/?loc=en_CB
10345,,,,,,,SKIPPED,LOAD_PAGE,TIMEOUT,Timeout / Site not responding,https://www.ups.com/maps/?loc=en_CB
10343,,,,,,,SKIPPED,LOAD_PAGE,TIMEOUT,Timeout / Site not responding,https://www.ups.com/maps/?loc=en_CB
10341,,,,,,,SKIPPED,LOAD_PAGE,TIMEOUT,Timeout / Site not responding,https://www.ups.com/maps/?loc=en_CB
10342,,,,,,,SKIPPED,LOAD_PAGE,TIMEOUT,Timeout / Site not responding,https://www.ups.com/maps/?loc=en_CB
10340,,,,,,,SKIPPED,LOAD_PAGE,TIMEOUT,Timeout / Site not responding,https://www.ups.com/maps/?loc=en_CB
10346,,,,,,,SKIPPED,LOAD_PAGE,TIMEOUT,Timeout / Site not responding,https://www.ups.com/maps/?loc=en_CB
10348,,,,,,,SKIPPED,LOAD_PAGE,TIMEOUT,Timeout / Site not responding,https://www.ups.com/maps/?loc=en_CB
10344,,,,,,,SKIPPED,LOAD_PAGE,TIMEOUT,Timeout / Site not responding,https://www.ups.com/maps/?loc=en_CB
10347,,,,,,,SKIPPED,LOAD_PAGE,TIMEOUT,Timeout / Site not responding,https://www.ups.com/maps/?loc=en_CB
10350,,,,,,,SKIPPED,LOAD_PAGE,TIMEOUT,Timeout / Site not responding,https://www.ups.com/maps/?loc=en_CB
10349,,,,,,,SKIPPED,LOAD_PAGE,TIMEOUT,Timeout / Site not responding,https://www.ups.com/maps/?loc=en_CB
10351,,,,,,,SKIPPED,LOAD_PAGE,TIMEOUT,Timeout / Site not responding,https://www.ups.com/maps/?loc=en_CB
10354,,,,,,,SKIPPED,LOAD_PAGE,TIMEOUT,Timeout / Site not responding,https://www.ups.com/maps/?loc=en_CB
10352,,,,,,,SKIPPED,LOAD_PAGE,TIMEOUT,Timeout / Site not responding,https://www.ups.com/maps/?loc=en_CB
10353,,,,,,,SKIPPED,LOAD_PAGE,TIMEOUT,Timeout / Site not responding,https://www.ups.com/maps/?loc=en_CB
10356,,,,,,,SKIPPED,LOAD_PAGE,TIMEOUT,Timeout / Site not responding,https://www.ups.com/maps/?loc=en_CB
10357,,,,,,,SKIPPED,LOAD_PAGE,TIMEOUT,Timeout / Site not responding,https://www.ups.com/maps/?loc=en_CB
10355,,,,,,,SKIPPED,LOAD_PAGE,TIMEOUT,Timeout / Site not responding,https://www.ups.com/maps/?loc=en_CB
10361,,,,,,,SKIPPED,LOAD_PAGE,TIMEOUT,Timeout / Site not responding,https://www.ups.com/maps/?loc=en_CB
10360,,,,,,,SKIPPED,LOAD_PAGE,TIMEOUT,Timeout / Site not responding,https://www.ups.com/maps/?loc=en_CB
10359,,,,,,,SKIPPED,LOAD_PAGE,TIMEOUT,Timeout / Site not responding,https://www.ups.com/maps/?loc=en_CB
10362,,,,,,,SKIPPED,LOAD_PAGE,TIMEOUT,Timeout / Site not responding,https://www.ups.com/maps/?loc=en_CB
10363,,,,,,,SKIPPED,LOAD_PAGE,TIMEOUT,Timeout / Site not responding,https://www.ups.com/maps/?loc=en_CB
10365,,,,,,,SKIPPED,LOAD_PAGE,TIMEOUT,Timeout / Site not responding,https://www.ups.com/maps/?loc=en_CB
10364,,,,,,,SKIPPED,LOAD_PAGE,TIMEOUT,Timeout / Site not responding,https://www.ups.com/maps/?loc=en_CB
10366,,,,,,,SKIPPED,LOAD_PAGE,TIMEOUT,Timeout / Site not responding,https://www.ups.com/maps/?loc=en_CB
10367,,,,,,,SKIPPED,LOAD_PAGE,TIMEOUT,Timeout / Site not responding,https://www.ups.com/maps/?loc=en_CB
10370,,,,,,,SKIPPED,LOAD_PAGE,TIMEOUT,Timeout / Site not responding,https://www.ups.com/maps/?loc=en_CB
10368,,,,,,,SKIPPED,LOAD_PAGE,TIMEOUT,Timeout / Site not responding,https://www.ups.com/maps/?loc=en_CB
10369,,,,,,,SKIPPED,LOAD_PAGE,TIMEOUT,Timeout / Site not responding,https://www.ups.com/maps/?loc=en_CB
10374,,,,,,,SKIPPED,LOAD_PAGE,TIMEOUT,Timeout / Site not responding,https://www.ups.com/maps/?loc=en_CB
10371,,,,,,,SKIPPED,LOAD_PAGE,TIMEOUT,Timeout / Site not responding,https://www.ups.com/maps/?loc=en_CB
10372,,,,,,,SKIPPED,LOAD_PAGE,TIMEOUT,Timeout / Site not responding,https://www.ups.com/maps/?loc=en_CB
10373,,,,,,,SKIPPED,LOAD_PAGE,TIMEOUT,Timeout / Site not responding,https://www.ups.com/maps/?loc=en_CB
10375,,,,,,,SKIPPED,LOAD_PAGE,TIMEOUT,Timeout / Site not responding,https://www.ups.com/maps/?loc=en_CB
10377,,,,,,,SKIPPED,LOAD_PAGE,TIMEOUT,Timeout / Site not responding,https://www.ups.com/maps/?loc=en_CB
10378,,,,,,,SKIPPED,LOAD_PAGE,TIMEOUT,Timeout / Site not responding,https://www.ups.com/maps/?loc=en_CB
10376,,,,,,,SKIPPED,LOAD_PAGE,TIMEOUT,Timeout / Site not responding,https://www.ups.com/maps/?loc=en_CB
10379,,,,,,,SKIPPED,LOAD_PAGE,TIMEOUT,Timeout / Site not responding,https://www.ups.com/maps/?loc=en_CB
10380,,,,,,,SKIPPED,LOAD_PAGE,TIMEOUT,Timeout / Site not responding,https://www.ups.com/maps/?loc=en_CB
10382,,,,,,,SKIPPED,LOAD_PAGE,TIMEOUT,Timeout / Site not responding,https://www.ups.com/maps/?loc=en_CB
10381,,,,,,,SKIPPED,LOAD_PAGE,TIMEOUT,Timeout / Site not responding,https://www.ups.com/maps/?loc=en_CB
10384,,,,,,,SKIPPED,LOAD_PAGE,TIMEOUT,Timeout / Site not responding,https://www.ups.com/maps/?loc=en_CB
10383,,,,,,,SKIPPED,LOAD_PAGE,TIMEOUT,Timeout / Site not responding,https://www.ups.com/maps/?loc=en_CB
10386,,,,,,,SKIPPED,LOAD_PAGE,TIMEOUT,Timeout / Site not responding,https://www.ups.com/maps/?loc=en_CB
10385,,,,,,,SKIPPED,LOAD_PAGE,TIMEOUT,Timeout / Site not responding,https://www.ups.com/maps/?loc=en_CB
10388,,,,,,,SKIPPED,LOAD_PAGE,TIMEOUT,Timeout / Site not responding,https://www.ups.com/maps/?loc=en_CB
10390,,,,,,,SKIPPED,LOAD_PAGE,TIMEOUT,Timeout / Site not responding,https://www.ups.com/maps/?loc=en_CB
10387,,,,,,,SKIPPED,LOAD_PAGE,TIMEOUT,Timeout / Site not responding,https://www.ups.com/maps/?loc=en_CB
10389,,,,,,,SKIPPED,LOAD_PAGE,TIMEOUT,Timeout / Site not responding,https://www.ups.com/maps/?loc=en_CB
10394,,,,,,,SKIPPED,LOAD_PAGE,TIMEOUT,Timeout / Site not responding,https://www.ups.com/maps/?loc=en_CB
10392,,,,,,,SKIPPED,LOAD_PAGE,TIMEOUT,Timeout / Site not responding,https://www.ups.com/maps/?loc=en_CB
10391,,,,,,,SKIPPED,LOAD_PAGE,TIMEOUT,Timeout / Site not responding,https://www.ups.com/maps/?loc=en_CB
10395,,,,,,,SKIPPED,LOAD_PAGE,TIMEOUT,Timeout / Site not responding,https://www.ups.com/maps/?loc=en_CB
10393,,,,,,,SKIPPED,LOAD_PAGE,TIMEOUT,Timeout / Site not responding,https://www.ups.com/maps/?loc=en_CB
10397,,,,,,,SKIPPED,LOAD_PAGE,TIMEOUT,Timeout / Site not responding,https://www.ups.com/maps/?loc=en_CB
10399,,,,,,,SKIPPED,LOAD_PAGE,TIMEOUT,Timeout / Site not responding,https://www.ups.com/maps/?loc=en_CB
10398,,,,,,,SKIPPED,LOAD_PAGE,TIMEOUT,Timeout / Site not responding,https://www.ups.com/maps/?loc=en_CB
10396,,,,,,,SKIPPED,LOAD_PAGE,TIMEOUT,Timeout / Site not responding,https://www.ups.com/maps/?loc=en_CB
10400,,,,,,,SKIPPED,LOAD_PAGE,TIMEOUT,Timeout / Site not responding,https://www.ups.com/maps/?loc=en_CB
10401,,,,,,,SKIPPED,LOAD_PAGE,TIMEOUT,Timeout / Site not responding,https://www.ups.com/maps/?loc=en_CB
10402,,,,,,,SKIPPED,LOAD_PAGE,TIMEOUT,Timeout / Site not responding,https://www.ups.com/maps/?loc=en_CB
10403,,,,,,,SKIPPED,LOAD_PAGE,TIMEOUT,Timeout / Site not responding,https://www.ups.com/maps/?loc=en_CB
10404,,,,,,,SKIPPED,LOAD_PAGE,TIMEOUT,Timeout / Site not responding,https://www.ups.com/maps/?loc=en_CB
10406,,,,,,,SKIPPED,LOAD_PAGE,TIMEOUT,Timeout / Site not responding,https://www.ups.com/maps/?loc=en_CB
10405,,,,,,,SKIPPED,LOAD_PAGE,TIMEOUT,Timeout / Site not responding,https://www.ups.com/maps/?loc=en_CB
10408,,,,,,,SKIPPED,LOAD_PAGE,TIMEOUT,Timeout / Site not responding,https://www.ups.com/maps/?loc=en_CB
10410,,,,,,,SKIPPED,LOAD_PAGE,TIMEOUT,Timeout / Site not responding,https://www.ups.com/maps/?loc=en_CB
10409,,,,,,,SKIPPED,LOAD_PAGE,TIMEOUT,Timeout / Site not responding,https://www.ups.com/maps/?loc=en_CB
10411,,,,,,,SKIPPED,LOAD_PAGE,TIMEOUT,Timeout / Site not responding,https://www.ups.com/maps/?loc=en_CB
10412,,,,,,,SKIPPED,LOAD_PAGE,TIMEOUT,Timeout / Site not responding,https://www.ups.com/maps/?loc=en_CB
10407,,,,,,,SKIPPED,LOAD_PAGE,TIMEOUT,Timeout / Site not responding,https://www.ups.com/maps/?loc=en_CB
10413,,,,,,,SKIPPED,LOAD_PAGE,TIMEOUT,Timeout / Site not responding,https://www.ups.com/maps/?loc=en_CB
10414,,,,,,,SKIPPED,LOAD_PAGE,TIMEOUT,Timeout / Site not responding,https://www.ups.com/maps/?loc=en_CB
10415,,,,,,,SKIPPED,LOAD_PAGE,TIMEOUT,Timeout / Site not responding,https://www.ups.com/maps/?loc=en_CB
10416,,,,,,,SKIPPED,LOAD_PAGE,TIMEOUT,Timeout / Site not responding,https://www.ups.com/maps/?loc=en_CB
10417,,,,,,,SKIPPED,LOAD_PAGE,TIMEOUT,Timeout / Site not responding,https://www.ups.com/maps/?loc=en_CB
10418,,,,,,,SKIPPED,LOAD_PAGE,TIMEOUT,Timeout / Site not responding,https://www.ups.com/maps/?loc=en_CB
10419,,,,,,,SKIPPED,LOAD_PAGE,TIMEOUT,Timeout / Site not responding,https://www.ups.com/maps/?loc=en_CB
10420,,,,,,,SKIPPED,LOAD_PAGE,TIMEOUT,Timeout / Site not responding,https://www.ups.com/maps/?loc=en_CB
10421,,,,,,,SKIPPED,LOAD_PAGE,TIMEOUT,Timeout / Site not responding,https://www.ups.com/maps/?loc=en_CB
10358,,,,,,,SKIPPED,LOAD_PAGE,TIMEOUT,Timeout / Site not responding,https://www.ups.com/maps/?loc=en_CB
10422,,,,,,,SKIPPED,LOAD_PAGE,TIMEOUT,Timeout / Site not responding,https://www.ups.com/maps/?loc=en_CB
10424,,,,,,,SKIPPED,LOAD_PAGE,TIMEOUT,Timeout / Site not responding,https://www.ups.com/maps/?loc=en_CB
10423,,,,,,,SKIPPED,LOAD_PAGE,TIMEOUT,Timeout / Site not responding,https://www.ups.com/maps/?loc=en_CB
10425,,,,,,,SKIPPED,LOAD_PAGE,TIMEOUT,Timeout / Site not responding,https://www.ups.com/maps/?loc=en_CB
10426,,,,,,,SKIPPED,LOAD_PAGE,TIMEOUT,Timeout / Site not responding,https://www.ups.com/maps/?loc=en_CB
10427,,,,,,,SKIPPED,LOAD_PAGE,TIMEOUT,Timeout / Site not responding,https://www.ups.com/maps/?loc=en_CB
10428,,,,,,,SKIPPED,LOAD_PAGE,TIMEOUT,Timeout / Site not responding,https://www.ups.com/maps/?loc=en_CB
10429,,,,,,,SKIPPED,LOAD_PAGE,TIMEOUT,Timeout / Site not responding,https://www.ups.com/maps/?loc=en_CB
10433,,,,,,,SKIPPED,UNKNOWN,UNKNOWN,Timeout / Site not responding,https://www.ups.com/maps/?loc=en_CB
10434,,,,,,,SKIPPED,UNKNOWN,UNKNOWN,Timeout / Site not responding,https://www.ups.com/maps/?loc=en_CB
10435,,,,,,,SKIPPED,UNKNOWN,UNKNOWN,Timeout / Site not responding,https://www.ups.com/maps/?loc=en_CB
10436,,,,,,,SKIPPED,UNKNOWN,UNKNOWN,Timeout / Site not responding,https://www.ups.com/maps/?loc=en_CB
10437,,,,,,,SKIPPED,UNKNOWN,UNKNOWN,Timeout / Site not responding,https://www.ups.com/maps/?loc=en_CB
10438,,,,,,,SKIPPED,UNKNOWN,UNKNOWN,Timeout / Site not responding,https://www.ups.com/maps/?loc=en_CB
10439,,,,,,,SKIPPED,UNKNOWN,UNKNOWN,Timeout / Site not responding,https://www.ups.com/maps/?loc=en_CB
10440,,,,,,,SKIPPED,UNKNOWN,UNKNOWN,Timeout / Site not responding,https://www.ups.com/maps/?loc=en_CB
10441,,,,,,,SKIPPED,UNKNOWN,UNKNOWN,Timeout / Site not responding,https://www.ups.com/maps/?loc=en_CB
10442,,,,,,,SKIPPED,UNKNOWN,UNKNOWN,Timeout / Site not responding,https://www.ups.com/maps/?loc=en_CB
10443,,,,,,,SKIPPED,UNKNOWN,UNKNOWN,Timeout / Site not responding,https://www.ups.com/maps/?loc=en_CB
10445,,,,,,,SKIPPED,UNKNOWN,UNKNOWN,Timeout / Site not responding,https://www.ups.com/maps/?loc=en_CB
10444,,,,,,,SKIPPED,UNKNOWN,UNKNOWN,Timeout / Site not responding,https://www.ups.com/maps/?loc=en_CB
10446,,,,,,,SKIPPED,UNKNOWN,UNKNOWN,Timeout / Site not responding,https://www.ups.com/maps/?loc=en_CB
10447,,,,,,,SKIPPED,UNKNOWN,UNKNOWN,Timeout / Site not responding,https://www.ups.com/maps/?loc=en_CB
10449,,,,,,,SKIPPED,UNKNOWN,UNKNOWN,Timeout / Site not responding,https://www.ups.com/maps/?loc=en_CB
10448,,,,,,,SKIPPED,UNKNOWN,UNKNOWN,Timeout / Site not responding,https://www.ups.com/maps/?loc=en_CB
10450,,,,,,,SKIPPED,UNKNOWN,UNKNOWN,Timeout / Site not responding,https://www.ups.com/maps/?loc=en_CB
10476,,,,,,,SKIPPED,UNKNOWN,UNKNOWN,Timeout / Site not responding,https://www.ups.com/maps/?loc=en_CB
10478,,,,,,,SKIPPED,UNKNOWN,UNKNOWN,Timeout / Site not responding,https://www.ups.com/maps/?loc=en_CB
10477,,,,,,,SKIPPED,UNKNOWN,UNKNOWN,Timeout / Site not responding,https://www.ups.com/maps/?loc=en_CB
10479,,,,,,,SKIPPED,UNKNOWN,UNKNOWN,Timeout / Site not responding,https://www.ups.com/maps/?loc=en_CB
10480,,,,,,,SKIPPED,UNKNOWN,UNKNOWN,Timeout / Site not responding,https://www.ups.com/maps/?loc=en_CB
10481,,,,,,,SKIPPED,UNKNOWN,UNKNOWN,Timeout / Site not responding,https://www.ups.com/maps/?loc=en_CB
10482,,,,,,,SKIPPED,UNKNOWN,UNKNOWN,Timeout / Site not responding,https://www.ups.com/maps/?loc=en_CB
10483,,,,,,,SKIPPED,UNKNOWN,UNKNOWN,Timeout / Site not responding,https://www.ups.com/maps/?loc=en_CB
10485,,,,,,,SKIPPED,UNKNOWN,UNKNOWN,Timeout / Site not responding,https://www.ups.com/maps/?loc=en_CB
10484,,,,,,,SKIPPED,UNKNOWN,UNKNOWN,Timeout / Site not responding,https://www.ups.com/maps/?loc=en_CB
10486,,,,,,,SKIPPED,UNKNOWN,UNKNOWN,Timeout / Site not responding,https://www.ups.com/maps/?loc=en_CB
10487,,,,,,,SKIPPED,UNKNOWN,UNKNOWN,Timeout / Site not responding,https://www.ups.com/maps/?loc=en_CB
10489,,,,,,,SKIPPED,UNKNOWN,UNKNOWN,Timeout / Site not responding,https://www.ups.com/maps/?loc=en_CB
10488,,,,,,,SKIPPED,UNKNOWN,UNKNOWN,Timeout / Site not responding,https://www.ups.com/maps/?loc=en_CB
10490,,,,,,,SKIPPED,UNKNOWN,UNKNOWN,Timeout / Site not responding,https://www.ups.com/maps/?loc=en_CB
10491,,,,,,,SKIPPED,UNKNOWN,UNKNOWN,Timeout / Site not responding,https://www.ups.com/maps/?loc=en_CB
10492,,,,,,,SKIPPED,UNKNOWN,UNKNOWN,Timeout / Site not responding,https://www.ups.com/maps/?loc=en_CB
10493,,,,,,,SKIPPED,UNKNOWN,UNKNOWN,Timeout / Site not responding,https://www.ups.com/maps/?loc=en_CB
10494,,,,,,,SKIPPED,UNKNOWN,UNKNOWN,Timeout / Site not responding,https://www.ups.com/maps/?loc=en_CB
10495,,,,,,,SKIPPED,UNKNOWN,UNKNOWN,Timeout / Site not responding,https://www.ups.com/maps/?loc=en_CB
10497,,,,,,,SKIPPED,UNKNOWN,UNKNOWN,Timeout / Site not responding,https://www.ups.com/maps/?loc=en_CB
10496,,,,,,,SKIPPED,UNKNOWN,UNKNOWN,Timeout / Site not responding,https://www.ups.com/maps/?loc=en_CB
10499,,,,,,,SKIPPED,UNKNOWN,UNKNOWN,Timeout / Site not responding,https://www.ups.com/maps/?loc=en_CB
10498,,,,,,,SKIPPED,UNKNOWN,UNKNOWN,Timeout / Site not responding,https://www.ups.com/maps/?loc=en_CB
10508,,,,,,,SKIPPED,UNKNOWN,UNKNOWN,Timeout / Site not responding,https://www.ups.com/maps/?loc=en_CB
10513,,,,,,,SKIPPED,UNKNOWN,UNKNOWN,Timeout / Site not responding,https://www.ups.com/maps/?loc=en_CB
10500,,,,,,,SKIPPED,UNKNOWN,UNKNOWN,Timeout / Site not responding,https://www.ups.com/maps/?loc=en_CB
10515,,,,,,,SKIPPED,UNKNOWN,UNKNOWN,Timeout / Site not responding,https://www.ups.com/maps/?loc=en_CB
10525,,,,,,,SKIPPED,UNKNOWN,UNKNOWN,Timeout / Site not responding,https://www.ups.com/maps/?loc=en_CB
10529,,,,,,,SKIPPED,UNKNOWN,UNKNOWN,Timeout / Site not responding,https://www.ups.com/maps/?loc=en_CB
10531,,,,,,,SKIPPED,UNKNOWN,UNKNOWN,Timeout / Site not responding,https://www.ups.com/maps/?loc=en_CB
10534,,,,,,,SKIPPED,UNKNOWN,UNKNOWN,Timeout / Site not responding,https://www.ups.com/maps/?loc=en_CB
10539,,,,,,,SKIPPED,UNKNOWN,UNKNOWN,Timeout / Site not responding,https://www.ups.com/maps/?loc=en_CB
10544,,,,,,,SKIPPED,UNKNOWN,UNKNOWN,Timeout / Site not responding,https://www.ups.com/maps/?loc=en_CB
10554,,,,,,,SKIPPED,UNKNOWN,UNKNOWN,Timeout / Site not responding,https://www.ups.com/maps/?loc=en_CB
10555,,,,,,,SKIPPED,UNKNOWN,UNKNOWN,Timeout / Site not responding,https://www.ups.com/maps/?loc=en_CB
10556,,,,,,,SKIPPED,UNKNOWN,UNKNOWN,Timeout / Site not responding,https://www.ups.com/maps/?loc=en_CB
10557,,,,,,,SKIPPED,UNKNOWN,UNKNOWN,Timeout / Site not responding,https://www.ups.com/maps/?loc=en_CB
10559,,,,,,,SKIPPED,UNKNOWN,UNKNOWN,Timeout / Site not responding,https://www.ups.com/maps/?loc=en_CB
10558,,,,,,,SKIPPED,UNKNOWN,UNKNOWN,Timeout / Site not responding,https://www.ups.com/maps/?loc=en_CB
10561,,,,,,,SKIPPED,UNKNOWN,UNKNOWN,Timeout / Site not responding,https://www.ups.com/maps/?loc=en_CB
10563,,,,,,,SKIPPED,UNKNOWN,UNKNOWN,Timeout / Site not responding,https://www.ups.com/maps/?loc=en_CB
10564,,,,,,,SKIPPED,UNKNOWN,UNKNOWN,Timeout / Site not responding,https://www.ups.com/maps/?loc=en_CB
10565,,,,,,,SKIPPED,UNKNOWN,UNKNOWN,Timeout / Site not responding,https://www.ups.com/maps/?loc=en_CB
10568,,,,,,,SKIPPED,UNKNOWN,UNKNOWN,Timeout / Site not responding,https://www.ups.com/maps/?loc=en_CB
10569,,,,,,,SKIPPED,UNKNOWN,UNKNOWN,Timeout / Site not responding,https://www.ups.com/maps/?loc=en_CB
10572,,,,,,,SKIPPED,UNKNOWN,UNKNOWN,Timeout / Site not responding,https://www.ups.com/maps/?loc=en_CB
10571,,,,,,,SKIPPED,UNKNOWN,UNKNOWN,Timeout / Site not responding,https://www.ups.com/maps/?loc=en_CB
10574,,,,,,,SKIPPED,UNKNOWN,UNKNOWN,Timeout / Site not responding,https://www.ups.com/maps/?loc=en_CB
10575,,,,,,,SKIPPED,UNKNOWN,UNKNOWN,Timeout / Site not responding,https://www.ups.com/maps/?loc=en_CB
10581,,,,,,,SKIPPED,UNKNOWN,UNKNOWN,Timeout / Site not responding,https://www.ups.com/maps/?loc=en_CB
10582,,,,,,,SKIPPED,UNKNOWN,UNKNOWN,Timeout / Site not responding,https://www.ups.com/maps/?loc=en_CB
10584,,,,,,,SKIPPED,UNKNOWN,UNKNOWN,Timeout / Site not responding,https://www.ups.com/maps/?loc=en_CB
10585,,,,,,,SKIPPED,UNKNOWN,UNKNOWN,Timeout / Site not responding,https://www.ups.com/maps/?loc=en_CB
10586,,,,,,,SKIPPED,UNKNOWN,UNKNOWN,Timeout / Site not responding,https://www.ups.com/maps/?loc=en_CB
10592,,,,,,,SKIPPED,UNKNOWN,UNKNOWN,Timeout / Site not responding,https://www.ups.com/maps/?loc=en_CB
10593,,,,,,,SKIPPED,UNKNOWN,UNKNOWN,Timeout / Site not responding,https://www.ups.com/maps/?loc=en_CB
10599,,,,,,,SKIPPED,UNKNOWN,UNKNOWN,Timeout / Site not responding,https://www.ups.com/maps/?loc=en_CB
10600,,,,,,,SKIPPED,UNKNOWN,UNKNOWN,Timeout / Site not responding,https://www.ups.com/maps/?loc=en_CB
10608,,,,,,,SKIPPED,UNKNOWN,UNKNOWN,Timeout / Site not responding,https://www.ups.com/maps/?loc=en_CB
10609,,,,,,,SKIPPED,UNKNOWN,UNKNOWN,Timeout / Site not responding,https://www.ups.com/maps/?loc=en_CB
10611,,,,,,,SKIPPED,UNKNOWN,UNKNOWN,Timeout / Site not responding,https://www.ups.com/maps/?loc=en_CB
10612,,,,,,,SKIPPED,UNKNOWN,UNKNOWN,Timeout / Site not responding,https://www.ups.com/maps/?loc=en_CB
10613,,,,,,,SKIPPED,UNKNOWN,UNKNOWN,Timeout / Site not responding,https://www.ups.com/maps/?loc=en_CB
10614,,,,,,,SKIPPED,UNKNOWN,UNKNOWN,Timeout / Site not responding,https://www.ups.com/maps/?loc=en_CB
10615,,,,,,,SKIPPED,UNKNOWN,UNKNOWN,Timeout / Site not responding,https://www.ups.com/maps/?loc=en_CB
10616,,,,,,,SKIPPED,UNKNOWN,UNKNOWN,Timeout / Site not responding,https://www.ups.com/maps/?loc=en_CB
10617,,,,,,,SKIPPED,UNKNOWN,UNKNOWN,Timeout / Site not responding,https://www.ups.com/maps/?loc=en_CB
10619,,,,,,,SKIPPED,UNKNOWN,UNKNOWN,Timeout / Site not responding,https://www.ups.com/maps/?loc=en_CB
10618,,,,,,,SKIPPED,UNKNOWN,UNKNOWN,Timeout / Site not responding,https://www.ups.com/maps/?loc=en_CB
10620,,,,,,,SKIPPED,UNKNOWN,UNKNOWN,Timeout / Site not responding,https://www.ups.com/maps/?loc=en_CB
10621,,,,,,,SKIPPED,UNKNOWN,UNKNOWN,Timeout / Site not responding,https://www.ups.com/maps/?loc=en_CB
10622,,,,,,,SKIPPED,UNKNOWN,UNKNOWN,Timeout / Site not responding,https://www.ups.com/maps/?loc=en_CB
10623,,,,,,,SKIPPED,UNKNOWN,UNKNOWN,Timeout / Site not responding,https://www.ups.com/maps/?loc=en_CB
10624,,,,,,,SKIPPED,UNKNOWN,UNKNOWN,Timeout / Site not responding,https://www.ups.com/maps/?loc=en_CB
10625,,,,,,,SKIPPED,UNKNOWN,UNKNOWN,Timeout / Site not responding,https://www.ups.com/maps/?loc=en_CB
10626,,,,,,,SKIPPED,UNKNOWN,UNKNOWN,Timeout / Site not responding,https://www.ups.com/maps/?loc=en_CB
10627,,,,,,,SKIPPED,UNKNOWN,UNKNOWN,Timeout / Site not responding,https://www.ups.com/maps/?loc=en_CB
10628,,,,,,,SKIPPED,UNKNOWN,UNKNOWN,Timeout / Site not responding,https://www.ups.com/maps/?loc=en_CB
10629,,,,,,,SKIPPED,UNKNOWN,UNKNOWN,Timeout / Site not responding,https://www.ups.com/maps/?loc=en_CB
10630,,,,,,,SKIPPED,UNKNOWN,UNKNOWN,Timeout / Site not responding,https://www.ups.com/maps/?loc=en_CB
10631,,,,,,,SKIPPED,UNKNOWN,UNKNOWN,Timeout / Site not responding,https://www.ups.com/maps/?loc=en_CB
10632,,,,,,,SKIPPED,UNKNOWN,UNKNOWN,Timeout / Site not responding,https://www.ups.com/maps/?loc=en_CB
10633,,,,,,,SKIPPED,UNKNOWN,UNKNOWN,Timeout / Site not responding,https://www.ups.com/maps/?loc=en_CB
10634,,,,,,,SKIPPED,UNKNOWN,UNKNOWN,Timeout / Site not responding,https://www.ups.com/maps/?loc=en_CB
10635,,,,,,,SKIPPED,UNKNOWN,UNKNOWN,Timeout / Site not responding,https://www.ups.com/maps/?loc=en_CB
10636,,,,,,,SKIPPED,UNKNOWN,UNKNOWN,Timeout / Site not responding,https://www.ups.com/maps/?loc=en_CB
10637,,,,,,,SKIPPED,UNKNOWN,UNKNOWN,Timeout / Site not responding,https://www.ups.com/maps/?loc=en_CB
10638,,,,,,,SKIPPED,UNKNOWN,UNKNOWN,Timeout / Site not responding,https://www.ups.com/maps/?loc=en_CB
10432,,,,,,,SKIPPED,LOAD_PAGE,TIMEOUT,Timeout / Site not responding,https://www.ups.com/maps/?loc=en_CB
10639,,,,,,,SKIPPED,UNKNOWN,UNKNOWN,Timeout / Site not responding,https://www.ups.com/maps/?loc=en_CB
10640,,,,,,,SKIPPED,UNKNOWN,UNKNOWN,Timeout / Site not responding,https://www.ups.com/maps/?loc=en_CB
10641,,,,,,,SKIPPED,UNKNOWN,UNKNOWN,Timeout / Site not responding,https://www.ups.com/maps/?loc=en_CB
10642,,,,,,,SKIPPED,UNKNOWN,UNKNOWN,Timeout / Site not responding,https://www.ups.com/maps/?loc=en_CB
10643,,,,,,,SKIPPED,UNKNOWN,UNKNOWN,Timeout / Site not responding,https://www.ups.com/maps/?loc=en_CB
10645,,,,,,,SKIPPED,UNKNOWN,UNKNOWN,Timeout / Site not responding,https://www.ups.com/maps/?loc=en_CB
10646,,,,,,,SKIPPED,UNKNOWN,UNKNOWN,Timeout / Site not responding,https://www.ups.com/maps/?loc=en_CB
10644,,,,,,,SKIPPED,UNKNOWN,UNKNOWN,Timeout / Site not responding,https://www.ups.com/maps/?loc=en_CB
10647,,,,,,,SKIPPED,UNKNOWN,UNKNOWN,Timeout / Site not responding,https://www.ups.com/maps/?loc=en_CB
10648,,,,,,,SKIPPED,UNKNOWN,UNKNOWN,Timeout / Site not responding,https://www.ups.com/maps/?loc=en_CB
10649,,,,,,,SKIPPED,UNKNOWN,UNKNOWN,Timeout / Site not responding,https://www.ups.com/maps/?loc=en_CB
10650,,,,,,,SKIPPED,UNKNOWN,UNKNOWN,Timeout / Site not responding,https://www.ups.com/maps/?loc=en_CB
10651,,,,,,,SKIPPED,UNKNOWN,UNKNOWN,Timeout / Site not responding,https://www.ups.com/maps/?loc=en_CB
10652,,,,,,,SKIPPED,UNKNOWN,UNKNOWN,Timeout / Site not responding,https://www.ups.com/maps/?loc=en_CB
10654,,,,,,,SKIPPED,UNKNOWN,UNKNOWN,Timeout / Site not responding,https://www.ups.com/maps/?loc=en_CB
10653,,,,,,,SKIPPED,UNKNOWN,UNKNOWN,Timeout / Site not responding,https://www.ups.com/maps/?loc=en_CB
10655,,,,,,,SKIPPED,UNKNOWN,UNKNOWN,Timeout / Site not responding,https://www.ups.com/maps/?loc=en_CB
10656,,,,,,,SKIPPED,UNKNOWN,UNKNOWN,Timeout / Site not responding,https://www.ups.com/maps/?loc=en_CB
10657,,,,,,,SKIPPED,UNKNOWN,UNKNOWN,Timeout / Site not responding,https://www.ups.com/maps/?loc=en_CB
10658,,,,,,,SKIPPED,UNKNOWN,UNKNOWN,Timeout / Site not responding,https://www.ups.com/maps/?loc=en_CB
10659,,,,,,,SKIPPED,UNKNOWN,UNKNOWN,Timeout / Site not responding,https://www.ups.com/maps/?loc=en_CB
10660,,,,,,,SKIPPED,UNKNOWN,UNKNOWN,Timeout / Site not responding,https://www.ups.com/maps/?loc=en_CB
10661,,,,,,,SKIPPED,UNKNOWN,UNKNOWN,Timeout / Site not responding,https://www.ups.com/maps/?loc=en_CB
10662,,,,,,,SKIPPED,UNKNOWN,UNKNOWN,Timeout / Site not responding,https://www.ups.com/maps/?loc=en_CB
10663,,,,,,,SKIPPED,UNKNOWN,UNKNOWN,Timeout / Site not responding,https://www.ups.com/maps/?loc=en_CB
10664,,,,,,,SKIPPED,UNKNOWN,UNKNOWN,Timeout / Site not responding,https://www.ups.com/maps/?loc=en_CB
10665,,,,,,,SKIPPED,UNKNOWN,UNKNOWN,Timeout / Site not responding,https://www.ups.com/maps/?loc=en_CB
10666,,,,,,,SKIPPED,UNKNOWN,UNKNOWN,Timeout / Site not responding,https://www.ups.com/maps/?loc=en_CB
10667,,,,,,,SKIPPED,UNKNOWN,UNKNOWN,Timeout / Site not responding,https://www.ups.com/maps/?loc=en_CB
10668,,,,,,,SKIPPED,UNKNOWN,UNKNOWN,Timeout / Site not responding,https://www.ups.com/maps/?loc=en_CB
10669,,,,,,,SKIPPED,UNKNOWN,UNKNOWN,Timeout / Site not responding,https://www.ups.com/maps/?loc=en_CB
10670,,,,,,,SKIPPED,UNKNOWN,UNKNOWN,Timeout / Site not responding,https://www.ups.com/maps/?loc=en_CB
10671,,,,,,,SKIPPED,UNKNOWN,UNKNOWN,Timeout / Site not responding,https://www.ups.com/maps/?loc=en_CB
10672,,,,,,,SKIPPED,UNKNOWN,UNKNOWN,Timeout / Site not responding,https://www.ups.com/maps/?loc=en_CB
10673,,,,,,,SKIPPED,UNKNOWN,UNKNOWN,Timeout / Site not responding,https://www.ups.com/maps/?loc=en_CB
10674,,,,,,,SKIPPED,UNKNOWN,UNKNOWN,Timeout / Site not responding,https://www.ups.com/maps/?loc=en_CB
10675,,,,,,,SKIPPED,UNKNOWN,UNKNOWN,Timeout / Site not responding,https://www.ups.com/maps/?loc=en_CB
10676,,,,,,,SKIPPED,UNKNOWN,UNKNOWN,Timeout / Site not responding,https://www.ups.com/maps/?loc=en_CB
10677,,,,,,,SKIPPED,UNKNOWN,UNKNOWN,Timeout / Site not responding,https://www.ups.com/maps/?loc=en_CB
10678,,,,,,,SKIPPED,UNKNOWN,UNKNOWN,Timeout / Site not responding,https://www.ups.com/maps/?loc=en_CB
10679,,,,,,,SKIPPED,UNKNOWN,UNKNOWN,Timeout / Site not responding,https://www.ups.com/maps/?loc=en_CB
10680,,,,,,,SKIPPED,UNKNOWN,UNKNOWN,Timeout / Site not responding,https://www.ups.com/maps/?loc=en_CB
10681,,,,,,,SKIPPED,UNKNOWN,UNKNOWN,Timeout / Site not responding,https://www.ups.com/maps/?loc=en_CB
10682,,,,,,,SKIPPED,UNKNOWN,UNKNOWN,Timeout / Site not responding,https://www.ups.com/maps/?loc=en_CB
10683,,,,,,,SKIPPED,UNKNOWN,UNKNOWN,Timeout / Site not responding,https://www.ups.com/maps/?loc=en_CB
10684,,,,,,,SKIPPED,UNKNOWN,UNKNOWN,Timeout / Site not responding,https://www.ups.com/maps/?loc=en_CB
10685,,,,,,,SKIPPED,UNKNOWN,UNKNOWN,Timeout / Site not responding,https://www.ups.com/maps/?loc=en_CB
10686,,,,,,,SKIPPED,UNKNOWN,UNKNOWN,Timeout / Site not responding,https://www.ups.com/maps/?loc=en_CB
10687,,,,,,,SKIPPED,UNKNOWN,UNKNOWN,Timeout / Site not responding,https://www.ups.com/maps/?loc=en_CB
10688,,,,,,,SKIPPED,UNKNOWN,UNKNOWN,Timeout / Site not responding,https://www.ups.com/maps/?loc=en_CB
10689,,,,,,,SKIPPED,UNKNOWN,UNKNOWN,Timeout / Site not responding,https://www.ups.com/maps/?loc=en_CB
10691,,,,,,,SKIPPED,UNKNOWN,UNKNOWN,Timeout / Site not responding,https://www.ups.com/maps/?loc=en_CB
10690,,,,,,,SKIPPED,UNKNOWN,UNKNOWN,Timeout / Site not responding,https://www.ups.com/maps/?loc=en_CB
10692,,,,,,,SKIPPED,UNKNOWN,UNKNOWN,Timeout / Site not responding,https://www.ups.com/maps/?loc=en_CB
10693,,,,,,,SKIPPED,UNKNOWN,UNKNOWN,Timeout / Site not responding,https://www.ups.com/maps/?loc=en_CB
10694,,,,,,,SKIPPED,UNKNOWN,UNKNOWN,Timeout / Site not responding,https://www.ups.com/maps/?loc=en_CB
10695,,,,,,,SKIPPED,UNKNOWN,UNKNOWN,Timeout / Site not responding,https://www.ups.com/maps/?loc=en_CB
10696,,,,,,,SKIPPED,UNKNOWN,UNKNOWN,Timeout / Site not responding,https://www.ups.com/maps/?loc=en_CB
10697,,,,,,,SKIPPED,UNKNOWN,UNKNOWN,Timeout / Site not responding,https://www.ups.com/maps/?loc=en_CB
10698,,,,,,,SKIPPED,UNKNOWN,UNKNOWN,Timeout / Site not responding,https://www.ups.com/maps/?loc=en_CB
10699,,,,,,,SKIPPED,UNKNOWN,UNKNOWN,Timeout / Site not responding,https://www.ups.com/maps/?loc=en_CB
10700,,,,,,,SKIPPED,UNKNOWN,UNKNOWN,Timeout / Site not responding,https://www.ups.com/maps/?loc=en_CB
10711,,,,,,,SKIPPED,UNKNOWN,UNKNOWN,Timeout / Site not responding,https://www.ups.com/maps/?loc=en_CB
10713,,,,,,,SKIPPED,UNKNOWN,UNKNOWN,Timeout / Site not responding,https://www.ups.com/maps/?loc=en_CB
10712,,,,,,,SKIPPED,UNKNOWN,UNKNOWN,Timeout / Site not responding,https://www.ups.com/maps/?loc=en_CB
10714,,,,,,,SKIPPED,UNKNOWN,UNKNOWN,Timeout / Site not responding,https://www.ups.com/maps/?loc=en_CB
10715,,,,,,,SKIPPED,UNKNOWN,UNKNOWN,Timeout / Site not responding,https://www.ups.com/maps/?loc=en_CB
10717,,,,,,,SKIPPED,UNKNOWN,UNKNOWN,Timeout / Site not responding,https://www.ups.com/maps/?loc=en_CB
10716,,,,,,,SKIPPED,UNKNOWN,UNKNOWN,Timeout / Site not responding,https://www.ups.com/maps/?loc=en_CB
10718,,,,,,,SKIPPED,UNKNOWN,UNKNOWN,Timeout / Site not responding,https://www.ups.com/maps/?loc=en_CB
10719,,,,,,,SKIPPED,UNKNOWN,UNKNOWN,Timeout / Site not responding,https://www.ups.com/maps/?loc=en_CB
10720,,,,,,,SKIPPED,UNKNOWN,UNKNOWN,Timeout / Site not responding,https://www.ups.com/maps/?loc=en_CB
10722,,,,,,,SKIPPED,UNKNOWN,UNKNOWN,Timeout / Site not responding,https://www.ups.com/maps/?loc=en_CB
10721,,,,,,,SKIPPED,UNKNOWN,UNKNOWN,Timeout / Site not responding,https://www.ups.com/maps/?loc=en_CB
10723,,,,,,,SKIPPED,UNKNOWN,UNKNOWN,Timeout / Site not responding,https://www.ups.com/maps/?loc=en_CB
10725,,,,,,,SKIPPED,UNKNOWN,UNKNOWN,Timeout / Site not responding,https://www.ups.com/maps/?loc=en_CB
10726,,,,,,,SKIPPED,UNKNOWN,UNKNOWN,Timeout / Site not responding,https://www.ups.com/maps/?loc=en_CB
10724,,,,,,,SKIPPED,UNKNOWN,UNKNOWN,Timeout / Site not responding,https://www.ups.com/maps/?loc=en_CB
10727,,,,,,,SKIPPED,UNKNOWN,UNKNOWN,Timeout / Site not responding,https://www.ups.com/maps/?loc=en_CB
10728,,,,,,,SKIPPED,UNKNOWN,UNKNOWN,Timeout / Site not responding,https://www.ups.com/maps/?loc=en_CB
10730,,,,,,,SKIPPED,UNKNOWN,UNKNOWN,Timeout / Site not responding,https://www.ups.com/maps/?loc=en_CB
10729,,,,,,,SKIPPED,UNKNOWN,UNKNOWN,Timeout / Site not responding,https://www.ups.com/maps/?loc=en_CB
10732,,,,,,,SKIPPED,UNKNOWN,UNKNOWN,Timeout / Site not responding,https://www.ups.com/maps/?loc=en_CB
10731,,,,,,,SKIPPED,UNKNOWN,UNKNOWN,Timeout / Site not responding,https://www.ups.com/maps/?loc=en_CB
10734,,,,,,,SKIPPED,UNKNOWN,UNKNOWN,Timeout / Site not responding,https://www.ups.com/maps/?loc=en_CB
10735,,,,,,,SKIPPED,UNKNOWN,UNKNOWN,Timeout / Site not responding,https://www.ups.com/maps/?loc=en_CB
10736,,,,,,,SKIPPED,UNKNOWN,UNKNOWN,Timeout / Site not responding,https://www.ups.com/maps/?loc=en_CB
10737,,,,,,,SKIPPED,UNKNOWN,UNKNOWN,Timeout / Site not responding,https://www.ups.com/maps/?loc=en_CB
10738,,,,,,,SKIPPED,UNKNOWN,UNKNOWN,Timeout / Site not responding,https://www.ups.com/maps/?loc=en_CB
10733,,,,,,,SKIPPED,UNKNOWN,UNKNOWN,Timeout / Site not responding,https://www.ups.com/maps/?loc=en_CB
10740,,,,,,,SKIPPED,UNKNOWN,UNKNOWN,Timeout / Site not responding,https://www.ups.com/maps/?loc=en_CB
10741,,,,,,,SKIPPED,UNKNOWN,UNKNOWN,Timeout / Site not responding,https://www.ups.com/maps/?loc=en_CB
10742,,,,,,,SKIPPED,UNKNOWN,UNKNOWN,Timeout / Site not responding,https://www.ups.com/maps/?loc=en_CB
10739,,,,,,,SKIPPED,UNKNOWN,UNKNOWN,Timeout / Site not responding,https://www.ups.com/maps/?loc=en_CB
10744,,,,,,,SKIPPED,UNKNOWN,UNKNOWN,Timeout / Site not responding,https://www.ups.com/maps/?loc=en_CB
10743,,,,,,,SKIPPED,UNKNOWN,UNKNOWN,Timeout / Site not responding,https://www.ups.com/maps/?loc=en_CB
10745,,,,,,,SKIPPED,UNKNOWN,UNKNOWN,Timeout / Site not responding,https://www.ups.com/maps/?loc=en_CB
10747,,,,,,,SKIPPED,UNKNOWN,UNKNOWN,Timeout / Site not responding,https://www.ups.com/maps/?loc=en_CB
10746,,,,,,,SKIPPED,UNKNOWN,UNKNOWN,Timeout / Site not responding,https://www.ups.com/maps/?loc=en_CB
10748,,,,,,,SKIPPED,UNKNOWN,UNKNOWN,Timeout / Site not responding,https://www.ups.com/maps/?loc=en_CB
10749,,,,,,,SKIPPED,UNKNOWN,UNKNOWN,Timeout / Site not responding,https://www.ups.com/maps/?loc=en_CB
10751,,,,,,,SKIPPED,UNKNOWN,UNKNOWN,Timeout / Site not responding,https://www.ups.com/maps/?loc=en_CB
10750,,,,,,,SKIPPED,UNKNOWN,UNKNOWN,Timeout / Site not responding,https://www.ups.com/maps/?loc=en_CB
10752,,,,,,,SKIPPED,UNKNOWN,UNKNOWN,Timeout / Site not responding,https://www.ups.com/maps/?loc=en_CB
10753,,,,,,,SKIPPED,UNKNOWN,UNKNOWN,Timeout / Site not responding,https://www.ups.com/maps/?loc=en_CB
10755,,,,,,,SKIPPED,UNKNOWN,UNKNOWN,Timeout / Site not responding,https://www.ups.com/maps/?loc=en_CB
10754,,,,,,,SKIPPED,UNKNOWN,UNKNOWN,Timeout / Site not responding,https://www.ups.com/maps/?loc=en_CB
10757,,,,,,,SKIPPED,UNKNOWN,UNKNOWN,Timeout / Site not responding,https://www.ups.com/maps/?loc=en_CB
10756,,,,,,,SKIPPED,UNKNOWN,UNKNOWN,Timeout / Site not responding,https://www.ups.com/maps/?loc=en_CB
10758,,,,,,,SKIPPED,UNKNOWN,UNKNOWN,Timeout / Site not responding,https://www.ups.com/maps/?loc=en_CB
10760,,,,,,,SKIPPED,UNKNOWN,UNKNOWN,Timeout / Site not responding,https://www.ups.com/maps/?loc=en_CB
10759,,,,,,,SKIPPED,UNKNOWN,UNKNOWN,Timeout / Site not responding,https://www.ups.com/maps/?loc=en_CB
10761,,,,,,,SKIPPED,UNKNOWN,UNKNOWN,Timeout / Site not responding,https://www.ups.com/maps/?loc=en_CB
10763,,,,,,,SKIPPED,UNKNOWN,UNKNOWN,Timeout / Site not responding,https://www.ups.com/maps/?loc=en_CB
10764,,,,,,,SKIPPED,UNKNOWN,UNKNOWN,Timeout / Site not responding,https://www.ups.com/maps/?loc=en_CB
10765,,,,,,,SKIPPED,UNKNOWN,UNKNOWN,Timeout / Site not responding,https://www.ups.com/maps/?loc=en_CB
10766,,,,,,,SKIPPED,UNKNOWN,UNKNOWN,Timeout / Site not responding,https://www.ups.com/maps/?loc=en_CB
10767,,,,,,,SKIPPED,UNKNOWN,UNKNOWN,Timeout / Site not responding,https://www.ups.com/maps/?loc=en_CB
10430,,,,,,,SKIPPED,LOAD_PAGE,TIMEOUT,Timeout / Site not responding,https://www.ups.com/maps/?loc=en_CB
10431,,,,,,,SKIPPED,LOAD_PAGE,TIMEOUT,Timeout / Site not responding,https://www.ups.com/maps/?loc=en_CB
